-----------------------Insert data-----------------------------------------------------------------------------------------------------

--USERTB

USE ASSIGNMENT2
-- DROP TABLE IF EXISTS USERTB;

INSERT INTO USERTB VALUES ('1000001','Administrator_1','Administrator1','Nguyen','Bach', '8410000001', '1981-11-29','M','Vietnam','TP.HCM','admin_1@gmail.com','Administrator');
INSERT INTO USERTB VALUES ('1000002','Administrator_2','Administrator2','Tran','Hue', '8410000002', '1980-12-22','F','Vietnam','TP.HCM','admin_2@gmail.com','Administrator');
INSERT INTO USERTB VALUES ('1000003','Administrator_3','Administrator3','Le','Nam', '8410000003', '1990-07-06','M','Vietnam','Ha Noi','admin_3@gmail.com','Administrator');
INSERT INTO USERTB VALUES ('1000004','Administrator_4','Administrator4','James','Boths', '1100000004', '1991-01-07','M','United Stated','Tesas','admin_4@gmail.com','Administrator');
INSERT INTO USERTB VALUES ('1000005','Administrator_5','Administrator5','John','Smith', '1100000005', '1983-12-19','M','United Stated','NewYork','admin_5@gmail.com','Administrator');

INSERT INTO USERTB VALUES ('2000001','Teacher_1','Teacher1','Nguyen','Binh', '8420000001', '1984-03-29','M','Vietnam','TP.HCM','Teacher_1@gmail.com','Teacher');
INSERT INTO USERTB VALUES ('2000002','Teacher_2','Teacher2','Nguyen','Duy', '8420000002', '10/24/1985','M','Vietnam','TP.HCM','Teacher_2@gmail.com','Teacher');
INSERT INTO USERTB VALUES ('2000003','Teacher_3','Teacher3','Nguyen','Khang', '8420000003', '1981-08-25','F','Vietnam','TP.HCM','Teacher_3@gmail.com','Teacher');
INSERT INTO USERTB VALUES ('2000004','Teacher_4','Teacher4','Nguyen','Hoa', '8420000004','1988-09-30','F','Vietnam','TP.HCM','Teacher_4@gmail.com','Teacher');
INSERT INTO USERTB VALUES ('2000005','Teacher_5','Teacher5','Tran','Manh', '8420000005', '1988-09-16','M','Vietnam','TP.HCM','Teacher_5@gmail.com','Teacher');
INSERT INTO USERTB VALUES ('2000006','Teacher_6','Teacher6','Tran','Ninh', '8420000006', '1988-02-07','M','Vietnam','TP.HCM','Teacher_6@gmail.com','Teacher');
INSERT INTO USERTB VALUES ('2000007','Teacher_7','Teacher7','Tran','Tam', '8420000007', '1994-12-18','F','Vietnam','Ha Noi','Teacher_7@gmail.com','Teacher');
INSERT INTO USERTB VALUES ('2000008','Teacher_8','Teacher8','Tran','Thai', '8420000008', '1993-02-28','M','Vietnam','Ha Noi','Teacher_8@gmail.com','Teacher');
INSERT INTO USERTB VALUES ('2000009','Teacher_9','Teacher9','Le','Giang', '8420000009', '1990-09-06','F','Vietnam','Ha Noi','Teacher_9@gmail.com','Teacher');
INSERT INTO USERTB VALUES ('2000010','Teacher_10','Teacher10','Le','Hieu', '8420000010', '1991-04-08','M','Vietnam','Ha Noi','Teacher_10@gmail.com','Teacher');
INSERT INTO USERTB VALUES ('2000011','Teacher_11','Teacher11','Le','Trang', '8420000011', '1993-06-18','F','Vietnam','Ha Noi','Teacher_11@gmail.com','Teacher');
INSERT INTO USERTB VALUES ('2000012','Teacher_12','Teacher12','Le','Huyen', '8420000012', '1986-12-22','M','Vietnam','Ha Noi','Teacher_12@gmail.com','Teacher');
INSERT INTO USERTB VALUES ('2000013','Teacher_13','Teacher13','Ken','Fisher', '120000013', '1988-06-18','F','United Stated','Tesas','Teacher_13@gmail.com','Teacher');
INSERT INTO USERTB VALUES ('2000014','Teacher_14','Teacher14','Michael','Erickson', '1200000014', '1989-06-24','M','United Stated','Tesas','Teacher_14@gmail.com','Teacher');
INSERT INTO USERTB VALUES ('2000015','Teacher_15','Teacher15','Pedro','Coleman', '1200000015', '1984-12-12','F','United Stated','Tesas','Teacher_15@gmail.com','Teacher');
INSERT INTO USERTB VALUES ('2000016','Teacher_16','Teacher16','Samson','Perez', '12000016', '1991-08-28','F','United Stated','Tesas','Teacher_16@gmail.com','Teacher');
INSERT INTO USERTB VALUES ('2000017','Teacher_17','Teacher17','Wade','Carter', '1200000017', '1981-07-01','F','United Stated','NewYork','Teacher_17@gmail.com','Teacher');
INSERT INTO USERTB VALUES ('2000018','Teacher_18','Teacher18','Waldo','Shelton', '1200000018',  '1992-06-14','M','United Stated','NewYork','Teacher_18@gmail.com','Teacher');
INSERT INTO USERTB VALUES ('2000019','Teacher_19','Teacher19','Wade','Green', '1200000019', '1995-08-27','F','United Stated','NewYork','Teacher_19@gmail.com','Teacher');
INSERT INTO USERTB VALUES ('2000020','Teacher_20','Teacher20','Roberto','Perez', '1200000020','1994-01-21','M','United Stated','NewYork','Teacher_20@gmail.com','Teacher');

INSERT INTO USERTB VALUES ('3000001','Learner_1','Learner1','Nguyen','Cuong', '8430000001', '1998-02-18','F','Vietnam','TP.HCM','Learner_1@gmail.com','Learner');
INSERT INTO USERTB VALUES ('3000002','Learner_2','Learner2','Nguyen','Khang', '8430000002', '2003-11-18','M','Vietnam','Ha Noi','Learner_2@gmail.com','Learner');
INSERT INTO USERTB VALUES ('3000003','Learner_3','Learner3','Nguyen','Hiep', '8430000003', '2002-12-27','M','Vietnam','TP.HCM','Learner_3@gmail.com','Learner');
INSERT INTO USERTB VALUES ('3000004','Learner_4','Learner4','Nguyen','Lam', '8430000004', '1998-02-02','F','Vietnam','Ha Noi','Learner_4@gmail.com','Learner');
INSERT INTO USERTB VALUES ('3000005','Learner_5','Learner5','Nguyen','Phong', '8430000005', '2003-05-03','F','Vietnam','TP.HCM','Learner_5@gmail.com','Learner');
INSERT INTO USERTB VALUES ('3000006','Learner_6','Learner6','Tran','Nguyen', '8430000006', '2000-02-24','M','Vietnam','Ha Noi','Learner_6@gmail.com','Learner');
INSERT INTO USERTB VALUES ('3000007','Learner_7','Learner7','Tran','Phuong', '8430000007', '2003-06-21','F','Vietnam','TP.HCM','Learner_7@gmail.com','Learner');
INSERT INTO USERTB VALUES ('3000008','Learner_8','Learner8','Tran','Thai', '8430000008', '1999-04-30','M','Vietnam','Ha Noi','Learner_8@gmail.com','Learner');
INSERT INTO USERTB VALUES ('3000009','Learner_9','Learner9','Tran','Dung', '8430000009', '1999-08-14','F','Vietnam','TP.HCM','Learner_9@gmail.com','Learner');
INSERT INTO USERTB VALUES ('3000010','Learner_10','Learner10','Tran','Hanh', '8430000010', '2001-09-10','M','Vietnam','Ha Noi','Learner_10@gmail.com','Learner');
INSERT INTO USERTB VALUES ('3000011','Learner_11','Learner11','Le','Loc', '8430000011', '2004-05-25','F','Vietnam','TP.HCM','Learner_11@gmail.com','Learner');
INSERT INTO USERTB VALUES ('3000012','Learner_12','Learner12','Le','Huy', '8430000012', '2001-04-14','F','Vietnam','Ha Noi','Learner_12@gmail.com','Learner');
INSERT INTO USERTB VALUES ('3000013','Learner_13','Learner13','Le','Nhat', '8430000013', '1997-05-08','M','Vietnam','TP.HCM','Learner_13@gmail.com','Learner');
INSERT INTO USERTB VALUES ('3000014','Learner_14','Learner14','Le','Phuong', '8430000014', '2000-04-30','F','Vietnam','Ha Noi','Learner_14@gmail.com','Learner');
INSERT INTO USERTB VALUES ('3000015','Learner_15','Learner15','Le','Tan', '8430000015', '2001-09-15','M','Vietnam','TP.HCM','Learner_15@gmail.com','Learner');
INSERT INTO USERTB VALUES ('3000016','Learner_16','Learner16','Pham','Vinh', '8430000016', '1999-09-17','F','Vietnam','Ha Noi','Learner_16@gmail.com','Learner');
INSERT INTO USERTB VALUES ('3000017','Learner_17','Learner17','Pham','Tan', '8430000017', '1997-09-14','M','Vietnam','TP.HCM','Learner_17@gmail.com','Learner');
INSERT INTO USERTB VALUES ('3000018','Learner_18','Learner18','Pham','Huy', '8430000018', '1999-03-23','F','Vietnam','Ha Noi','Learner_18@gmail.com','Learner');
INSERT INTO USERTB VALUES ('3000019','Learner_19','Learner19','Pham','Hanh', '8430000019', '1997-07-22','M','Vietnam','TP.HCM','Learner_19@gmail.com','Learner');
INSERT INTO USERTB VALUES ('3000020','Learner_20','Learner20','Pham','Phuong', '8430000020', '1998-03-23','F','Vietnam','Ha Noi','Learner_20@gmail.com','Learner');
INSERT INTO USERTB VALUES ('3000021','Learner_21','Learner21','Benedict','Jordan', '1300000021', '2003-06-23','M','United Stated','Tesas','Learner_21@gmail.com','Learner');
INSERT INTO USERTB VALUES ('3000022','Learner_22','Learner22','Carlos','Bell', '1300000022', '1996-12-19','F','United Stated','New York','Learner_22@gmail.com','Learner');
INSERT INTO USERTB VALUES ('3000023','Learner_23','Learner23','Claude','Fisher', '1300000023', '1999-09-07','M','United Stated','Tesas','Learner_23@gmail.com','Learner');
INSERT INTO USERTB VALUES ('3000024','Learner_24','Learner24','Blake','Jenkins', '1300000024', '2003-02-16','F','United Stated','New York','Learner_24@gmail.com','Learner');
INSERT INTO USERTB VALUES ('3000025','Learner_25','Learner25','Chase','Richmond', '1300000025', '2000-12-06','F','United Stated','Tesas','Learner_25@gmail.com','Learner');
INSERT INTO USERTB VALUES ('3000026','Learner_26','Learner26','Colin','Knight', '1300000026', '1999-08-12','F','United Stated','New York','Learner_26@gmail.com','Learner');
INSERT INTO USERTB VALUES ('3000027','Learner_27','Learner27','Blake','Kimmel', '1300000027', '2000-05-18','M','United Stated','Tesas','Learner_27@gmail.com','Learner');
INSERT INTO USERTB VALUES ('3000028','Learner_28','Learner28','Colin','Spencer', '1300000028', '2000-02-28','F','United Stated','New York','Learner_28@gmail.com','Learner');
INSERT INTO USERTB VALUES ('3000029','Learner_29','Learner29','Carlos','Peterson', '1300000029', '2001-08-27','F','United Stated','New York','Learner_29@gmail.com','Learner');
INSERT INTO USERTB VALUES ('3000030','Learner_30','Learner30','Benedict','Hamilton', '1300000030', '2002-01-23','M','United Stated','New York','Learner_30@gmail.com','Learner');
INSERT INTO USERTB VALUES ('3000031','Learner_31','Learner31','Tristin','Brown', '1300000031', '2001-09-02','M','United Stated','Tesas','Learner_31@gmail.com','Learner');
INSERT INTO USERTB VALUES ('3000032','Learner_32','Learner32','Leighton','Willian', '1300000032', '1997-06-16','F','United Stated','New York','Learner_32@gmail.com','Learner');
INSERT INTO USERTB VALUES ('3000033','Learner_33','Learner33','Jonathan','Young', '1300000033', '1997-08-30','F','United Stated','Tesas','Learner_33@gmail.com','Learner');
INSERT INTO USERTB VALUES ('3000034','Learner_34','Learner35','Jonathan','Richmond', '1300000034', '1998-10-02','M','United Stated','New York','Learner_34@gmail.com','Learner');
INSERT INTO USERTB VALUES ('3000035','Learner_35','Learner35','Galvin','Russell', '1300000035', '2004-11-23','M','United Stated','Tesas','Learner_35@gmail.com','Learner');
INSERT INTO USERTB VALUES ('3000036','Learner_36','Learner36','Tristin','Gomez', '1300000036', '1999-07-04','F','United Stated','New York','Learner_36@gmail.com','Learner');
INSERT INTO USERTB VALUES ('3000037','Learner_37','Learner37','Galvin','Hamilton', '1300000037', '1999-03-21','M','United Stated','Tesas','Learner_37@gmail.com','Learner');
INSERT INTO USERTB VALUES ('3000038','Learner_38','Learner38','Gilbert','Jones', '1300000038', '2000-07-08','F','United Stated','New York','Learner_38@gmail.com','Learner');
INSERT INTO USERTB VALUES ('3000039','Learner_39','Learner39','Chase','Gomez', '1300000039', '1998-10-29','M','United Stated','Tesas','Learner_39@gmail.com','Learner');
INSERT INTO USERTB VALUES ('3000040','Learner_40','Learner40','Jones','Newton', '1300000040', '2002-01-23','F','United Stated','New York','Learner_40@gmail.com','Learner');


--ADMINISTRATOR
INSERT INTO ADMINISTRATOR VALUES ('1000001','Senior')
INSERT INTO ADMINISTRATOR VALUES ('1000002','Senior')
INSERT INTO ADMINISTRATOR VALUES ('1000003','Junior')
INSERT INTO ADMINISTRATOR VALUES ('1000004','Junior')
INSERT INTO ADMINISTRATOR VALUES ('1000005','Junior')


--LEARNER
INSERT INTO LEARNER VALUES ('3000001','High School')
INSERT INTO LEARNER VALUES ('3000002','Bachelor')
INSERT INTO LEARNER VALUES ('3000003','No Formal')
INSERT INTO LEARNER VALUES ('3000004','Bachelor')
INSERT INTO LEARNER VALUES ('3000005','High School')
INSERT INTO LEARNER VALUES ('3000006','Bachelor')
INSERT INTO LEARNER VALUES ('3000007','High School')
INSERT INTO LEARNER VALUES ('3000008','No Formal')
INSERT INTO LEARNER VALUES ('3000009','Bachelor')
INSERT INTO LEARNER VALUES ('3000010','High School')
INSERT INTO LEARNER VALUES ('3000011','No Formal')
INSERT INTO LEARNER VALUES ('3000012','High School')
INSERT INTO LEARNER VALUES ('3000013','Bachelor')
INSERT INTO LEARNER VALUES ('3000014','High School')
INSERT INTO LEARNER VALUES ('3000015','No Formal')
INSERT INTO LEARNER VALUES ('3000016','Bachelor')
INSERT INTO LEARNER VALUES ('3000017','High School')
INSERT INTO LEARNER VALUES ('3000018','Bachelor')
INSERT INTO LEARNER VALUES ('3000019','High School')
INSERT INTO LEARNER VALUES ('3000020','No Formal')
INSERT INTO LEARNER VALUES ('3000021','High School')
INSERT INTO LEARNER VALUES ('3000022','Bachelor')
INSERT INTO LEARNER VALUES ('3000023','Bachelor')
INSERT INTO LEARNER VALUES ('3000024','High School')
INSERT INTO LEARNER VALUES ('3000025','No Formal')
INSERT INTO LEARNER VALUES ('3000026','Bachelor')
INSERT INTO LEARNER VALUES ('3000027','High School')
INSERT INTO LEARNER VALUES ('3000028','No Formal')
INSERT INTO LEARNER VALUES ('3000029','Bachelor')
INSERT INTO LEARNER VALUES ('3000030','High School')
INSERT INTO LEARNER VALUES ('3000031','Bachelor')
INSERT INTO LEARNER VALUES ('3000032','High School')
INSERT INTO LEARNER VALUES ('3000033','No Formal')
INSERT INTO LEARNER VALUES ('3000034','Bachelor')
INSERT INTO LEARNER VALUES ('3000035','High School')
INSERT INTO LEARNER VALUES ('3000036','Bachelor')
INSERT INTO LEARNER VALUES ('3000037','High School')
INSERT INTO LEARNER VALUES ('3000038','No Formal')
INSERT INTO LEARNER VALUES ('3000039','Bachelor')
INSERT INTO LEARNER VALUES ('3000040','High School')


--UNIVERSITY
INSERT INTO UNIVERSITY VALUES ('4000001','Bach Khoa University','bachkhoa@edu.vn');
INSERT INTO UNIVERSITY VALUES ('4000002','Ngoai Thuong University','ngoaithuong@edu.vn');
INSERT INTO UNIVERSITY VALUES ('4000003','Kinh Te University','kinhte@edu.vn');
INSERT INTO UNIVERSITY VALUES ('4000004','Stanford University','stanford@edu.us');
INSERT INTO UNIVERSITY VALUES ('4000005','New York University','newyork@hedu.us');

--UNIVERSITY_LOCATION
INSERT INTO UNIVERSITY_LOCATION VALUES ('4000001','Vietnam','Ha Noi');
INSERT INTO UNIVERSITY_LOCATION VALUES ('4000001','Vietnam','TP.HCM');
INSERT INTO UNIVERSITY_LOCATION VALUES ('4000002','Vietnam','TP.HCM');
INSERT INTO UNIVERSITY_LOCATION VALUES ('4000002','Vietnam','Ha Noi');
INSERT INTO UNIVERSITY_LOCATION VALUES ('4000003','Vietnam','TP.HCM');
INSERT INTO UNIVERSITY_LOCATION VALUES ('4000004','United Stated','NewYork');
INSERT INTO UNIVERSITY_LOCATION VALUES ('4000004','United Stated','Tesas');
INSERT INTO UNIVERSITY_LOCATION VALUES ('4000005','United Stated','NewYork');
INSERT INTO UNIVERSITY_LOCATION VALUES ('4000005','Vietnam','TP.HCM');

--UNIVERSITY_PHONE_NUMBER
INSERT INTO UNIVERSITY_PHONE_NUMBER VALUES ('4000001','8441000001');
INSERT INTO UNIVERSITY_PHONE_NUMBER VALUES ('4000001','8441000002');
INSERT INTO UNIVERSITY_PHONE_NUMBER VALUES ('4000002','8442000001');
INSERT INTO UNIVERSITY_PHONE_NUMBER VALUES ('4000002','8442000002');
INSERT INTO UNIVERSITY_PHONE_NUMBER VALUES ('4000003','8443000001');
INSERT INTO UNIVERSITY_PHONE_NUMBER VALUES ('4000004','1440000001');
INSERT INTO UNIVERSITY_PHONE_NUMBER VALUES ('4000004','1440000002');
INSERT INTO UNIVERSITY_PHONE_NUMBER VALUES ('4000005','1451000001');
INSERT INTO UNIVERSITY_PHONE_NUMBER VALUES ('4000005','1451000002');
INSERT INTO UNIVERSITY_PHONE_NUMBER VALUES ('4000005','8445100001');

--TEACHER
INSERT INTO TEACHER VALUES ('2000001','Master','Computer Science','Teach in 5 year','4000001');
INSERT INTO TEACHER VALUES ('2000002','Professor','Chemistry','Teach in 6 year', '4000001');
INSERT INTO TEACHER VALUES ('2000003','Director','Electronic','Teach in 2 year', '4000001');
INSERT INTO TEACHER VALUES ('2000004','Professor','Economic','Teach in 8 year', '4000003');
INSERT INTO TEACHER VALUES ('2000005','Assistant professor','Economic','Teach in 8 year', '4000002');
INSERT INTO TEACHER VALUES ('2000006','Professor','Ethic','Teach in 7 year', '4000003');
INSERT INTO TEACHER VALUES ('2000007','Master','Law','Teach in 6 year', '4000002');
INSERT INTO TEACHER VALUES ('2000008','Professor','Computer Science','Teach in 3 year', '4000001');
INSERT INTO TEACHER VALUES ('2000009','Professor','Law','Teach in 5 year', '4000002');
INSERT INTO TEACHER VALUES ('2000010','Assistant professor','Chemistry','Teach in 6 year', '4000001');
INSERT INTO TEACHER VALUES ('2000011','Assistant professor','Electronic','Teach in 2 year', '4000004');
INSERT INTO TEACHER VALUES ('2000012','Professor','Mechanic','Teach in 6 year', '4000005');
INSERT INTO TEACHER VALUES ('2000013','Master','Computer Science','Teach in 6 year', '4000004');
INSERT INTO TEACHER VALUES ('2000014','Master','Law','Teach in 3 year', '4000005');
INSERT INTO TEACHER VALUES ('2000015','Assistant professor','Computer Science','Teach in 6 year', '4000004');
INSERT INTO TEACHER VALUES ('2000016','Professor','Electronic','Teach in 5 year', '4000005');
INSERT INTO TEACHER VALUES ('2000017','Professor','Mechanic','Teach in 5 year', '4000004');
INSERT INTO TEACHER VALUES ('2000018','Assistant professor','Chemistry','Teach in 6 year', '4000004');
INSERT INTO TEACHER VALUES ('2000019','Professor','Ethic','Teach in 3 year', '4000005');
INSERT INTO TEACHER VALUES ('2000020','Master','Computer Science','Teach in 2 year', '4000004');

--SUPPORT
INSERT INTO SUPPORT VALUES ('Help me register course about computer science','2021-03-04','2021-03-06','3000030','1000004');
INSERT INTO SUPPORT VALUES ('Please help me to make a payment to this course','2021-03-07','2021-03-08','3000020','1000003');
INSERT INTO SUPPORT VALUES ('Please help me to suppy the email of teacher','2021-03-11','2021-03-13','3000010','1000002');
INSERT INTO SUPPORT VALUES ('Help me create course about computer science','2021-03-15','2021-03-20','2000013','1000001');
INSERT INTO SUPPORT VALUES ('Please help me to suppy the email of teacher','2021-03-25','2021-03-30','3000036','1000004');
INSERT INTO SUPPORT VALUES ('Help me register course about computer science','2021-04-04','2021-04-06','3000012','1000005');
INSERT INTO SUPPORT VALUES ('Please help me to receive payment to this course','2021-04-09','2021-04-11','2000015','1000002');
INSERT INTO SUPPORT VALUES ('Help me register course about computer science','2021-04-14','2021-04-16','3000030','1000001');
INSERT INTO SUPPORT VALUES ('Please help me to make a payment to this course','2021-04-20','2021-04-25','3000012','1000003');
INSERT INTO SUPPORT VALUES ('Please help me to receive payment to this course','2021-05-04','2021-05-06','2000010','1000002');

--COURSE
INSERT INTO COURSE VALUES ('5000001','Programing for everyone','Computer Science','Introductory','This course aims to teach everyone the basics of programming computers using Python.',100,'1000001');
INSERT INTO COURSE VALUES ('5000002','Advance programing in C++','Computer Science','Advanced','This is a self-paced course that continues in the development of C++ programming skills.',120,'1000002');
INSERT INTO COURSE VALUES ('5000003','The Chemistry of life','Chemistry','Introductory','This course is designed to build foundational skills in chemistry, providing learners with the necessary prerequisite knowledge for advanced chemistry courses.',50,'1000003');
INSERT INTO COURSE VALUES ('5000004','Introduction to Geochemistry','Chemistry','Intermediate','The goal of this course is to apply chemical principles to understand the natural (non-living) world around us and appreciate its complexity.',70,'1000005');
INSERT INTO COURSE VALUES ('5000005','Microeconomic','Economic','Introductory','This economics course is an introduction to basic microeconomic.',100,'1000004');
INSERT INTO COURSE VALUES ('5000006','Behavioural Economics','Economic','Intermediate','This course builds on much of the fascinating work in the area of behavioral economics.',200,'1000003');
INSERT INTO COURSE VALUES ('5000007','Circuits for Beginners','Electronic','Introductory','This course introduces DC (direct current) circuits and is typically the first course an undergraduate student in electrical engineering would take.',70,'1000002');
INSERT INTO COURSE VALUES ('5000008','Asylum and Refugee Law','Law','Intermediate','What is asylum? What is the principle of non-refoulement? Who should be recognized and protected as a refugee? These notions are complex. Learn to understand and apply them!',0,'1000004');


--CREAT_COURSE
INSERT INTO CREAT_COURSE VALUES ('2000001','5000001','2021-01-05','2021-12-02');
INSERT INTO CREAT_COURSE VALUES ('2000008','5000001','2021-01-05','2021-12-02');
INSERT INTO CREAT_COURSE VALUES ('2000013','5000002','2021-01-09','2021-11-09');
INSERT INTO CREAT_COURSE VALUES ('2000015','5000002','2021-01-09','2021-11-09');
INSERT INTO CREAT_COURSE VALUES ('2000002','5000003','2021-01-17','2021-11-07');
INSERT INTO CREAT_COURSE VALUES ('2000010','5000003','2021-01-17','2021-11-07');
INSERT INTO CREAT_COURSE VALUES ('2000018','5000004','2021-01-22','2021-12-15');
INSERT INTO CREAT_COURSE VALUES ('2000004','5000005','2021-01-27','2021-11-22');
INSERT INTO CREAT_COURSE VALUES ('2000005','5000006','2021-01-30','2021-11-25');
INSERT INTO CREAT_COURSE VALUES ('2000003','5000007','2021-02-05','2021-12-12');
INSERT INTO CREAT_COURSE VALUES ('2000007','5000008','2021-02-15','2021-12-22');
INSERT INTO CREAT_COURSE VALUES ('2000009','5000008','2021-02-25','2021-12-12');

--ENROLL_COURSE
INSERT INTO ENROLL_COURSE VALUES ('3000001','5000001','2021-02-07');
INSERT INTO ENROLL_COURSE VALUES ('3000002','5000002','2021-02-09');
INSERT INTO ENROLL_COURSE VALUES ('3000003','5000003','2021-02-09');
INSERT INTO ENROLL_COURSE VALUES ('3000004','5000004','2021-02-10');
INSERT INTO ENROLL_COURSE VALUES ('3000005','5000005','2021-02-12');
INSERT INTO ENROLL_COURSE VALUES ('3000006','5000006','2021-02-17');
INSERT INTO ENROLL_COURSE VALUES ('3000007','5000007','2021-02-18');
INSERT INTO ENROLL_COURSE VALUES ('3000008','5000008','2021-02-27');
INSERT INTO ENROLL_COURSE VALUES ('3000009','5000002','2021-03-01');
INSERT INTO ENROLL_COURSE VALUES ('3000010','5000004','2021-03-01');
INSERT INTO ENROLL_COURSE VALUES ('3000011','5000005','2021-03-02');
INSERT INTO ENROLL_COURSE VALUES ('3000012','5000006','2021-03-05');
INSERT INTO ENROLL_COURSE VALUES ('3000013','5000002','2021-03-05');
INSERT INTO ENROLL_COURSE VALUES ('3000014','5000005','2021-03-05');
INSERT INTO ENROLL_COURSE VALUES ('3000015','5000007','2021-03-05');
INSERT INTO ENROLL_COURSE VALUES ('3000016','5000003','2021-03-05');
INSERT INTO ENROLL_COURSE VALUES ('3000017','5000006','2021-03-05');
INSERT INTO ENROLL_COURSE VALUES ('3000018','5000007','2021-03-07');
INSERT INTO ENROLL_COURSE VALUES ('3000019','5000001','2021-03-07');
INSERT INTO ENROLL_COURSE VALUES ('3000020','5000001','2021-03-07');
INSERT INTO ENROLL_COURSE VALUES ('3000002','5000003','2021-03-10');
INSERT INTO ENROLL_COURSE VALUES ('3000004','5000005','2021-03-11');
INSERT INTO ENROLL_COURSE VALUES ('3000006','5000007','2021-03-12');
INSERT INTO ENROLL_COURSE VALUES ('3000008','5000003','2021-03-13');
INSERT INTO ENROLL_COURSE VALUES ('3000010','5000005','2021-03-15');
INSERT INTO ENROLL_COURSE VALUES ('3000012','5000003','2021-03-16');
INSERT INTO ENROLL_COURSE VALUES ('3000014','5000006','2021-03-17');
INSERT INTO ENROLL_COURSE VALUES ('3000016','5000002','2021-03-17');
INSERT INTO ENROLL_COURSE VALUES ('3000018','5000006','2021-03-17');
INSERT INTO ENROLL_COURSE VALUES ('3000020','5000007','2021-03-20');
INSERT INTO ENROLL_COURSE VALUES ('3000022','5000002','2021-03-21');
INSERT INTO ENROLL_COURSE VALUES ('3000024','5000001','2021-03-23');
INSERT INTO ENROLL_COURSE VALUES ('3000026','5000006','2021-03-23');
INSERT INTO ENROLL_COURSE VALUES ('3000028','5000001','2021-03-24');
INSERT INTO ENROLL_COURSE VALUES ('3000030','5000003','2021-03-25');
INSERT INTO ENROLL_COURSE VALUES ('3000032','5000006','2021-03-26');
INSERT INTO ENROLL_COURSE VALUES ('3000034','5000002','2021-03-27');
INSERT INTO ENROLL_COURSE VALUES ('3000036','5000006','2021-03-27');
INSERT INTO ENROLL_COURSE VALUES ('3000038','5000003','2021-03-30');
INSERT INTO ENROLL_COURSE VALUES ('3000040','5000003','2021-03-30');


--QUESTION
INSERT INTO QUESTION VALUES ('Help me solve this problem','2021-03-05','Here is the answer','2021-03-07');
INSERT INTO QUESTION VALUES ('Help me explain why this problem','2021-03-08','The answer is here','2021-03-09');
INSERT INTO QUESTION VALUES ('Help me solve this problem','2021-03-12','Because here it is','2021-03-13');
INSERT INTO QUESTION VALUES ('Help me explain why this problem','2021-03-15','The answer is here','2021-03-18');
INSERT INTO QUESTION VALUES ('Help me solve this problem','2021-03-20','Because here it is','2021-03-20');
INSERT INTO QUESTION VALUES ('Help me explain why this problem','2021-04-05','The answer is here','2021-04-05');
INSERT INTO QUESTION VALUES ('Help me solve this problem','2021-04-09','Because here it is','2021-04-11');
INSERT INTO QUESTION VALUES ('Help me explain why this problem','2021-04-14','The answer is here','2021-04-16');
INSERT INTO QUESTION VALUES ('Help me solve this problem','2021-04-20','Because here it is','2021-04-25');
INSERT INTO QUESTION VALUES ('Help me solve this problem','2021-05-04','Here is the answer','2021-05-06');

--LEARNER_ASK
INSERT INTO LEARNER_ASK VALUES ('3000001',1,'5000001');
INSERT INTO LEARNER_ASK VALUES ('3000002',2,'5000002');
INSERT INTO LEARNER_ASK VALUES ('3000003',3,'5000003');
INSERT INTO LEARNER_ASK VALUES ('3000014',4,'5000005');
INSERT INTO LEARNER_ASK VALUES ('3000006',5,'5000006');
INSERT INTO LEARNER_ASK VALUES ('3000015',6,'5000007');
INSERT INTO LEARNER_ASK VALUES ('3000019',7,'5000001');
INSERT INTO LEARNER_ASK VALUES ('3000017',8,'5000006');
INSERT INTO LEARNER_ASK VALUES ('3000013',9,'5000002');
INSERT INTO LEARNER_ASK VALUES ('3000004',10,'5000005');

--TEACHER_ANSWER
INSERT INTO TEACHER_ANSWER VALUES ('2000001',1,'5000001');
INSERT INTO TEACHER_ANSWER VALUES ('2000013',2,'5000002');
INSERT INTO TEACHER_ANSWER VALUES ('2000010',3,'5000003');
INSERT INTO TEACHER_ANSWER VALUES ('2000004',4,'5000005');
INSERT INTO TEACHER_ANSWER VALUES ('2000005',5,'5000006');
INSERT INTO TEACHER_ANSWER VALUES ('2000003',6,'5000007');
INSERT INTO TEACHER_ANSWER VALUES ('2000008',7,'5000001');
INSERT INTO TEACHER_ANSWER VALUES ('2000005',8,'5000006');
INSERT INTO TEACHER_ANSWER VALUES ('2000014',9,'5000002');
INSERT INTO TEACHER_ANSWER VALUES ('2000004',10,'5000005');

--TEACHER_CERTIFICATE
INSERT INTO CERTIFICATE VALUES ('6000001','3000001','5000001','4000001','2021-10-10','Good','Certificate for course');
INSERT INTO CERTIFICATE VALUES ('6000002','3000002','5000002','4000004','2021-10-12','Excellent','Certificate for course');
INSERT INTO CERTIFICATE VALUES ('6000003','3000002','5000003','4000001','2021-10-14','Good','Certificate for course');
INSERT INTO CERTIFICATE VALUES ('6000004','3000005','5000005','4000003','2021-10-15','Pass','Certificate for course');
INSERT INTO CERTIFICATE VALUES ('6000005','3000007','5000007','4000001','2021-10-16','Good','Certificate for course');
INSERT INTO CERTIFICATE VALUES ('6000006','3000003','5000003','4000001','2021-10-19','Excellent','Certificate for course');
INSERT INTO CERTIFICATE VALUES ('6000007','3000012','5000006','4000002','2021-10-20','Good','Certificate for course');
INSERT INTO CERTIFICATE VALUES ('6000008','3000015','5000007','4000001','2021-10-10','Excellent','Certificate for course');
INSERT INTO CERTIFICATE VALUES ('6000009','3000012','5000006','4000002','2021-10-12','Good','Certificate for course');
INSERT INTO CERTIFICATE VALUES ('6000010','3000022','5000002','4000004','2021-10-20','Pass','Certificate for course');


--LECTURE
INSERT LECTURE VALUES ('5000001',1,'Why we program','In the first chapter we try to cover the "big picture" of programming so you get a "table of contents" of the rest of the book.');
INSERT LECTURE VALUES ('5000001',2,'Variable and expression','In this chapter we cover how a program uses the computer memory to store, retrieve, and calculate information.');
INSERT LECTURE VALUES ('5000001',3,'Condition code','In this section we move from sequential code that simply runs one line of code after another to conditional code where some steps are skipped.  It is a very simple concept - but it is how computer software makes "choices".');
INSERT LECTURE VALUES ('5000001',4,'Functions','This is a relatively short chapter.   We will learn about what functions are and how we can use them.   The programs in the first chapters of the book are not large enough to require us to develop functions.');
INSERT LECTURE VALUES ('5000001',5,'Loop and interation','Loops and iteration complete our four basic programming patterns.  Loops are the way we tell Python to do something over and over.   Loops are the way we build programs that stay with a problem until the problem is solved.');

INSERT LECTURE VALUES ('5000002',1,'Functions',' We will learn about what functions are and how we can use them.');
INSERT LECTURE VALUES ('5000002',2,'Algorithm Analysis','In this section we move from sequential code that simply runs one line of code after another to conditional');
INSERT LECTURE VALUES ('5000002',3,'Arrays','How a program uses the computer memory to store');
INSERT LECTURE VALUES ('5000002',4,'Strings','You get a "table of contents" of the rest of the book');


--ATTACHMENT
INSERT ATTACHMENT VALUES ('5000001',1,1,'Why we program','PDF','In the first chapter we try to cover the "big picture" of programming so you get a "table of contents" of the rest of the book.');
INSERT ATTACHMENT VALUES ('5000001',1,2,'Example 1','C++','NULL');
INSERT ATTACHMENT VALUES ('5000001',2,1,'Variable and expression','PDF','In this chapter we cover how a program uses the computer memory to store, retrieve, and calculate information.');
INSERT ATTACHMENT VALUES ('5000001',2,2,'Example 2','C++','NULL');
INSERT ATTACHMENT VALUES ('5000001',3,1,'Condition code','PDF','In this section we move from sequential code that simply runs one line of code after another to conditional code where some steps are skipped.  It is a very simple concept - but it is how computer software makes "choices".');
INSERT ATTACHMENT VALUES ('5000001',3,2,'Example 3','C++','NULL');
INSERT ATTACHMENT VALUES ('5000001',4,1,'Functions','PDF','This is a relatively short chapter.   We will learn about what functions are and how we can use them.   The programs in the first chapters of the book are not large enough to require us to develop functions.');
INSERT ATTACHMENT VALUES ('5000001',4,2,'Example 4','C++','Null');
INSERT ATTACHMENT VALUES ('5000001',5,1,'Loop and interation','PDF','Loops and iteration complete our four basic programming patterns.  Loops are the way we tell Python to do something over and over.   Loops are the way we build programs that stay with a problem until the problem is solved.');
INSERT ATTACHMENT VALUES ('5000001',5,2,'Example 5','C++','Null');

INSERT ATTACHMENT VALUES ('5000002',1,1,'Functions','PDF','We will learn about what functions are and how we can use them.');
INSERT ATTACHMENT VALUES ('5000002',1,2,'Example 1','C++','NULL');
INSERT ATTACHMENT VALUES ('5000002',2,1,'Algorithm Analysis','PDF','In this section we move from sequential code that simply runs one line of code after another to conditional');
INSERT ATTACHMENT VALUES ('5000002',2,2,'Example 2','C++','NULL');
INSERT ATTACHMENT VALUES ('5000002',3,1,'Arrays','PDF','How a program uses the computer memory to store');
INSERT ATTACHMENT VALUES ('5000002',3,2,'Example 3','C++','NULL');
INSERT ATTACHMENT VALUES ('5000002',4,1,'Strings','PDF','You get a "table of contents" of the rest of the book');
INSERT ATTACHMENT VALUES ('5000002',4,2,'Example 4','C++','NULL');



--VIDEO
INSERT VIDEO VALUES ('5000001',1,1,'Introduction: Chapter 1','Introduction of programing','00:01:20');
INSERT VIDEO VALUES ('5000001',1,2,'Why programing','Null','00:17:20');
INSERT VIDEO VALUES ('5000001',2,1,'Expression Part 1','Null','00:13:20');
INSERT VIDEO VALUES ('5000001',2,2,'Expression Part 2','Null','00:21:20');
INSERT VIDEO VALUES ('5000001',3,1,'Conditional Statements','Introduction of Conditional Statements','00:15:20');
INSERT VIDEO VALUES ('5000001',3,2,'More Conditional Statements','Null','00:10:20');
INSERT VIDEO VALUES ('5000001',4,1,'Using Function','Introduction of function','00:15:20');
INSERT VIDEO VALUES ('5000001',4,2,'Building Function','Null','00:13:20');
INSERT VIDEO VALUES ('5000001',5,1,'Loop and interation','Introduction loop and interation','00:15:20');
INSERT VIDEO VALUES ('5000001',5,2,'Define loop','Null','00:11:20');


--LEARNER_WATCH_VIDEO
INSERT LEARNER_WATCH_VIDEO VALUES ('5000001',1,1,'3000001','00:01:19');
INSERT LEARNER_WATCH_VIDEO VALUES ('5000001',1,2,'3000001','00:15:19');
INSERT LEARNER_WATCH_VIDEO VALUES ('5000001',2,1,'3000001','00:13:19');
INSERT LEARNER_WATCH_VIDEO VALUES ('5000001',2,2,'3000001','00:20:19');
INSERT LEARNER_WATCH_VIDEO VALUES ('5000001',3,1,'3000001','00:13:19');
INSERT LEARNER_WATCH_VIDEO VALUES ('5000001',3,2,'3000001','00:09:19');
INSERT LEARNER_WATCH_VIDEO VALUES ('5000001',4,1,'3000001','00:13:19');
INSERT LEARNER_WATCH_VIDEO VALUES ('5000001',4,2,'3000001','00:12:16');
INSERT LEARNER_WATCH_VIDEO VALUES ('5000001',5,1,'3000001','00:15:18');
INSERT LEARNER_WATCH_VIDEO VALUES ('5000001',5,2,'3000001','00:11:19');

INSERT LEARNER_WATCH_VIDEO VALUES ('5000001',1,1,'3000024','00:01:10');
INSERT LEARNER_WATCH_VIDEO VALUES ('5000001',1,2,'3000024','00:15:10');
INSERT LEARNER_WATCH_VIDEO VALUES ('5000001',2,1,'3000024','00:13:19');
INSERT LEARNER_WATCH_VIDEO VALUES ('5000001',2,2,'3000024','00:20:59');
INSERT LEARNER_WATCH_VIDEO VALUES ('5000001',3,1,'3000024','00:13:09');
INSERT LEARNER_WATCH_VIDEO VALUES ('5000001',3,2,'3000024','00:9:10');
INSERT LEARNER_WATCH_VIDEO VALUES ('5000001',4,1,'3000024','00:11:19');
INSERT LEARNER_WATCH_VIDEO VALUES ('5000001',4,2,'3000024','00:13:19');
INSERT LEARNER_WATCH_VIDEO VALUES ('5000001',5,1,'3000024','00:12:19');
INSERT LEARNER_WATCH_VIDEO VALUES ('5000001',5,2,'3000024','00:11:19');


--QUIZ
INSERT QUIZ VALUES ('5000001',1,1,'Quiz to test your knowledge');
INSERT QUIZ VALUES ('5000001',1,2,'Quiz to test your skill');
INSERT QUIZ VALUES ('5000001',2,1,'Quiz to test your knowledge');
INSERT QUIZ VALUES ('5000001',2,2,'Quiz to test your skill');
INSERT QUIZ VALUES ('5000001',3,1,'Quiz to test your knowledge');
INSERT QUIZ VALUES ('5000001',3,2,'Quiz to test your skill');
INSERT QUIZ VALUES ('5000001',4,1,'Quiz to test your knowledge');
INSERT QUIZ VALUES ('5000001',4,2,'Quiz to test your skill');
INSERT QUIZ VALUES ('5000001',5,1,'Quiz to test your knowledge');
INSERT QUIZ VALUES ('5000001',5,2,'Quiz to test your skill');

INSERT QUIZ VALUES ('5000002',1,1,'Quiz to test your knowledge');
INSERT QUIZ VALUES ('5000002',1,2,'Quiz to test your skill');
INSERT QUIZ VALUES ('5000002',2,1,'Quiz to test your knowledge');
INSERT QUIZ VALUES ('5000002',2,2,'Quiz to test your skill');
INSERT QUIZ VALUES ('5000002',3,1,'Quiz to test your knowledge');
INSERT QUIZ VALUES ('5000002',3,2,'Quiz to test your skill');
INSERT QUIZ VALUES ('5000002',4,1,'Quiz to test your knowledge');
INSERT QUIZ VALUES ('5000002',4,2,'Quiz to test your skill');

--QUIZ_QUESTION 
INSERT QUIZ_QUESTION VALUES ('5000001',1,1,1,'What is computer science','Computer science is the study of computation, automation, and information. Design and implementation of hardware and software.');
INSERT QUIZ_QUESTION VALUES ('5000001',1,1,2,'What is computer programing','Computer programming is the process of designing and building an executable computer program to accomplish a specific computing result or to perform a particular task.');
INSERT QUIZ_QUESTION VALUES ('5000001',1,2,1,'What are the basic data types in Python','Interger, float, character');
INSERT QUIZ_QUESTION VALUES ('5000001',1,2,2,'Is (2*6==3*4) True or False','True');
INSERT QUIZ_QUESTION VALUES ('5000001',2,1,1,'What is computer science','Computer science is the study of computation, automation, and information. Design and implementation of hardware and software.');
INSERT QUIZ_QUESTION VALUES ('5000001',2,1,2,'What is computer programing','Computer programming is the process of designing and building an executable computer program to accomplish a specific computing result or to perform a particular task.');
INSERT QUIZ_QUESTION VALUES ('5000001',2,2,1,'What are the basic data types in Python','Interger, float, character');
INSERT QUIZ_QUESTION VALUES ('5000001',2,2,2,'Is (5*6==3*4) True or False','True');
INSERT QUIZ_QUESTION VALUES ('5000001',3,1,1,'What is computer science','Computer science is the study of computation, automation, and information. Design and implementation of hardware and software.');
INSERT QUIZ_QUESTION VALUES ('5000001',3,1,2,'What is computer programing','Computer programming is the process of designing and building an executable computer program to accomplish a specific computing result or to perform a particular task.');
INSERT QUIZ_QUESTION VALUES ('5000001',3,2,1,'What are the basic data types in Python','Interger, float, character');
INSERT QUIZ_QUESTION VALUES ('5000001',3,2,2,'Is (4*6==3*4) True or False','True');
INSERT QUIZ_QUESTION VALUES ('5000001',4,1,1,'What is computer science','Computer science is the study of computation, automation, and information. Design and implementation of hardware and software.');
INSERT QUIZ_QUESTION VALUES ('5000001',4,1,2,'What is computer programing','Computer programming is the process of designing and building an executable computer program to accomplish a specific computing result or to perform a particular task.');
INSERT QUIZ_QUESTION VALUES ('5000001',4,2,1,'What are the basic data types in Python','Interger, float, character');
INSERT QUIZ_QUESTION VALUES ('5000001',4,2,2,'Is (3*6==3*4) True or False','True');
INSERT QUIZ_QUESTION VALUES ('5000001',5,1,1,'What is computer science','Computer science is the study of computation, automation, and information. Design and implementation of hardware and software.');
INSERT QUIZ_QUESTION VALUES ('5000001',5,1,2,'What is computer programing','Computer programming is the process of designing and building an executable computer program to accomplish a specific computing result or to perform a particular task.');
INSERT QUIZ_QUESTION VALUES ('5000001',5,2,1,'What are the basic data types in Python','Interger, float, character');
INSERT QUIZ_QUESTION VALUES ('5000001',5,2,2,'Is (2*6!=3*4) True or False','True');

--LEARNER_TAKE_QUIZZ
INSERT LEARNER_TAKE_QUIZZ VALUES ('5000001',1,1,'3000001','8.5');
INSERT LEARNER_TAKE_QUIZZ VALUES ('5000001',1,2,'3000001','7.5');
INSERT LEARNER_TAKE_QUIZZ VALUES ('5000001',2,1,'3000001','8.5');
INSERT LEARNER_TAKE_QUIZZ VALUES ('5000001',2,2,'3000001','8.5');
INSERT LEARNER_TAKE_QUIZZ VALUES ('5000001',3,1,'3000001','8.0');
INSERT LEARNER_TAKE_QUIZZ VALUES ('5000001',3,2,'3000001','9.5');
INSERT LEARNER_TAKE_QUIZZ VALUES ('5000001',4,1,'3000001','7.5');
INSERT LEARNER_TAKE_QUIZZ VALUES ('5000001',4,2,'3000001','6.5');
INSERT LEARNER_TAKE_QUIZZ VALUES ('5000001',5,1,'3000001','8.5');
INSERT LEARNER_TAKE_QUIZZ VALUES ('5000001',5,2,'3000001','8.0');

INSERT LEARNER_TAKE_QUIZZ VALUES ('5000001',1,1,'3000024','3.5');
INSERT LEARNER_TAKE_QUIZZ VALUES ('5000001',1,2,'3000024','2.5');
INSERT LEARNER_TAKE_QUIZZ VALUES ('5000001',2,1,'3000024','5.5');
INSERT LEARNER_TAKE_QUIZZ VALUES ('5000001',2,2,'3000024','4.5');
INSERT LEARNER_TAKE_QUIZZ VALUES ('5000001',3,1,'3000024','3.0');
INSERT LEARNER_TAKE_QUIZZ VALUES ('5000001',3,2,'3000024','2.5');
INSERT LEARNER_TAKE_QUIZZ VALUES ('5000001',4,1,'3000024','3.5');
INSERT LEARNER_TAKE_QUIZZ VALUES ('5000001',4,2,'3000024','5.5');
INSERT LEARNER_TAKE_QUIZZ VALUES ('5000001',5,1,'3000024','4.5');
INSERT LEARNER_TAKE_QUIZZ VALUES ('5000001',5,2,'3000024','4.0');

INSERT LEARNER_TAKE_QUIZZ VALUES ('5000001',1,1,'3000019','8.0');
INSERT LEARNER_TAKE_QUIZZ VALUES ('5000001',1,2,'3000019','9.0');
INSERT LEARNER_TAKE_QUIZZ VALUES ('5000001',2,1,'3000019','10.0');
INSERT LEARNER_TAKE_QUIZZ VALUES ('5000001',2,2,'3000019','9.5');
INSERT LEARNER_TAKE_QUIZZ VALUES ('5000001',3,1,'3000019','9.0');
INSERT LEARNER_TAKE_QUIZZ VALUES ('5000001',3,2,'3000019','9.5');
INSERT LEARNER_TAKE_QUIZZ VALUES ('5000001',4,1,'3000019','8.5');
INSERT LEARNER_TAKE_QUIZZ VALUES ('5000001',4,2,'3000019','9.5');
INSERT LEARNER_TAKE_QUIZZ VALUES ('5000001',5,1,'3000019','8.5');
INSERT LEARNER_TAKE_QUIZZ VALUES ('5000001',5,2,'3000019','8.0');

INSERT LEARNER_TAKE_QUIZZ VALUES ('5000001',1,1,'3000028','5.0');
INSERT LEARNER_TAKE_QUIZZ VALUES ('5000001',1,2,'3000028','5.0');
INSERT LEARNER_TAKE_QUIZZ VALUES ('5000001',2,1,'3000028','3.0');
INSERT LEARNER_TAKE_QUIZZ VALUES ('5000001',2,2,'3000028','4.5');
INSERT LEARNER_TAKE_QUIZZ VALUES ('5000001',3,1,'3000028','6.0');
INSERT LEARNER_TAKE_QUIZZ VALUES ('5000001',3,2,'3000028','5.5');
INSERT LEARNER_TAKE_QUIZZ VALUES ('5000001',4,1,'3000028','3.5');
INSERT LEARNER_TAKE_QUIZZ VALUES ('5000001',4,2,'3000028','5.5');
INSERT LEARNER_TAKE_QUIZZ VALUES ('5000001',5,1,'3000028','6.5');
INSERT LEARNER_TAKE_QUIZZ VALUES ('5000001',5,2,'3000028','6.0');

INSERT LEARNER_TAKE_QUIZZ VALUES ('5000002',1,1,'3000024','8.5');
INSERT LEARNER_TAKE_QUIZZ VALUES ('5000002',1,2,'3000024','7.5');
INSERT LEARNER_TAKE_QUIZZ VALUES ('5000002',2,1,'3000024','8.5');
INSERT LEARNER_TAKE_QUIZZ VALUES ('5000002',2,2,'3000024','8.5');
INSERT LEARNER_TAKE_QUIZZ VALUES ('5000002',3,1,'3000024','5.0');
INSERT LEARNER_TAKE_QUIZZ VALUES ('5000002',3,2,'3000024','6.5');
INSERT LEARNER_TAKE_QUIZZ VALUES ('5000002',4,1,'3000024','9.5');
INSERT LEARNER_TAKE_QUIZZ VALUES ('5000002',4,2,'3000024','7.5');